id,first_name,last_name,email,gender,salary
1,Burr,Flatman,bflatman0@jugem.jp,Genderqueer,61
2,Reggie,Rutherforth,rrutherforth1@cloudflare.com,Male,89
3,Darline,Hackinge,dhackinge2@epa.gov,Female,49
4,Aurelie,Bristo,abristo3@bing.com,Female,96
5,Harvey,Joul,hjoul4@va.gov,Male,86
6,Rodolphe,Faulks,rfaulks5@samsung.com,Male,82
7,Barnett,Byre,bbyre6@state.gov,Male,69
8,Oriana,Berndtsson,oberndtsson7@goo.gl,Female,53
9,Clemmie,Davidowsky,cdavidowsky8@mlb.com,Bigender,90
10,Garrett,Wight,gwight9@elpais.com,Male,72
11,Lonnie,Auletta,laulettaa@redcross.org,Male,3
12,Hannie,Brimmacombe,hbrimmacombeb@slate.com,Female,91
13,Emmott,Spensly,espenslyc@oakley.com,Male,84
14,Cyrill,Chalcraft,cchalcraftd@phoca.cz,Male,30
15,Paulette,Airy,pairye@xinhuanet.com,Female,67
16,Enrico,Chastan,echastanf@wix.com,Male,89
17,Leoline,Astin,lasting@imdb.com,Female,17
18,Bernardina,Barck,bbarckh@symantec.com,Female,62
19,Cirstoforo,Malinowski,cmalinowskii@businessinsider.com,Male,15
20,Rad,Steuhlmeyer,rsteuhlmeyerj@cam.ac.uk,Male,37
21,Roarke,Tillett,rtillettk@symantec.com,Bigender,71
22,Willi,Nilles,wnillesl@washington.edu,Male,19
23,Datha,Flips,dflipsm@google.it,Female,31
24,Tadeo,Joire,tjoiren@networkadvertising.org,Male,26
25,Viviyan,Craigg,vcraiggo@vistaprint.com,Female,100
26,Ulick,Carlet,ucarletp@cyberchimps.com,Male,80
27,Ewan,Finlason,efinlasonq@oracle.com,Male,82
28,Dulcea,Jerrard,djerrardr@ucoz.com,Female,70
29,Tanney,Olivari,tolivaris@storify.com,Male,68
30,Gill,Cosh,gcosht@blogtalkradio.com,Male,30
31,Flossi,Frid,ffridu@1und1.de,Female,13
32,Alfredo,Culham,aculhamv@yale.edu,Male,40
33,Curry,Kruse,ckrusew@github.io,Male,48
34,Mitch,Flagg,mflaggx@ihg.com,Male,7
35,Trace,Eddicott,teddicotty@imgur.com,Male,39
36,Fiona,Falconer,ffalconerz@1688.com,Female,84
37,Lynnet,Treanor,ltreanor10@freewebs.com,Female,34
38,Ettore,Densell,edensell11@geocities.com,Polygender,16
39,Ariel,Climar,aclimar12@bigcartel.com,Male,4
40,Shea,Cholonin,scholonin13@buzzfeed.com,Bigender,51
41,Kent,Godsil,kgodsil14@aol.com,Male,1
42,Lon,Scurr,lscurr15@google.co.jp,Male,97
43,Yancy,Baillie,ybaillie16@macromedia.com,Male,10
44,Bondie,Prebble,bprebble17@yolasite.com,Male,30
45,Barret,Reynolds,breynolds18@people.com.cn,Male,99
46,Olive,Mourant,omourant19@princeton.edu,Female,11
47,Anissa,Swatland,aswatland1a@bizjournals.com,Female,46
48,Timi,Ropert,tropert1b@google.com,Genderfluid,53
49,Paige,Heeks,pheeks1c@wsj.com,Male,9
50,Welbie,Lambotin,wlambotin1d@digg.com,Male,34
51,Cordy,Grey,cgrey1e@senate.gov,Male,65
52,Nobie,Tetther,ntetther1f@pbs.org,Male,78
53,Patricio,Zavattieri,pzavattieri1g@technorati.com,Male,24
54,Malina,Scallan,mscallan1h@google.de,Female,6
55,Clementius,Coad,ccoad1i@bloomberg.com,Male,80
56,Arliene,Shale,ashale1j@merriam-webster.com,Female,72
57,Marcello,Ruter,mruter1k@wsj.com,Male,46
58,Tate,Bridgstock,tbridgstock1l@desdev.cn,Female,93
59,Corabella,Bodechon,cbodechon1m@nyu.edu,Female,37
60,Worden,Blodgetts,wblodgetts1n@twitpic.com,Male,56
61,Martie,Schach,mschach1o@edublogs.org,Female,34
62,Ronald,Emps,remps1p@deliciousdays.com,Male,50
63,Josie,Halfacre,jhalfacre1q@mozilla.com,Bigender,26
64,Hedvige,Arbuckle,harbuckle1r@opensource.org,Female,31
65,Ely,Bonhill,ebonhill1s@wired.com,Male,16
66,Elena,Brasier,ebrasier1t@amazon.de,Female,55
67,Annaliese,Hugk,ahugk1u@cargocollective.com,Female,13
68,Ernie,Domingues,edomingues1v@nationalgeographic.com,Male,58
69,Jackie,Isenor,jisenor1w@istockphoto.com,Male,6
70,Gabi,Grinnell,ggrinnell1x@usda.gov,Male,75
71,Issy,Dyche,idyche1y@dyndns.org,Female,81
72,Antoine,Mantz,amantz1z@japanpost.jp,Male,17
73,Darn,Doonican,ddoonican20@wufoo.com,Male,38
74,Galven,Yearsley,gyearsley21@ed.gov,Agender,13
75,Mateo,Tomasek,mtomasek22@prweb.com,Non-binary,18
76,Sollie,Brian,sbrian23@indiegogo.com,Male,32
77,Sigismond,Hechlin,shechlin24@mashable.com,Male,10
78,Giavani,Quarmby,gquarmby25@businesswire.com,Male,2
79,Samara,Howsden,showsden26@e-recht24.de,Female,29
80,Yolane,Arrighi,yarrighi27@irs.gov,Female,64
81,Barnie,Applewhite,bapplewhite28@japanpost.jp,Male,74
82,Lynda,Overton,loverton29@weather.com,Female,19
83,Stevie,Joly,sjoly2a@github.com,Male,27
84,Berny,Landes,blandes2b@msu.edu,Female,8
85,Mara,Snelling,msnelling2c@ebay.co.uk,Agender,56
86,Zelda,Avery,zavery2d@businessinsider.com,Female,2
87,Kittie,Jeanenet,kjeanenet2e@ca.gov,Female,92
88,Felicity,Sends,fsends2f@cbslocal.com,Genderqueer,67
89,Rhett,Hammer,rhammer2g@npr.org,Male,86
90,Ferguson,Mougel,fmougel2h@storify.com,Male,79
91,Dianemarie,Norcutt,dnorcutt2i@chron.com,Female,85
92,Phil,Dufaur,pdufaur2j@wix.com,Female,36
93,Tessi,Parken,tparken2k@gravatar.com,Female,25
94,Gilbert,Mattevi,gmattevi2l@feedburner.com,Male,25
95,Holden,Dank,hdank2m@intel.com,Male,35
96,Rochelle,Bottomore,rbottomore2n@quantcast.com,Female,75
97,Royal,Staddart,rstaddart2o@unicef.org,Male,25
98,Myranda,McInerney,mmcinerney2p@imageshack.us,Female,62
99,Linea,MacNeil,lmacneil2q@netlog.com,Female,47
100,Sheffie,Shemming,sshemming2r@gnu.org,Male,67
101,Jaquelyn,Raselles,jraselles2s@europa.eu,Polygender,31
102,Tansy,Whitelaw,twhitelaw2t@reverbnation.com,Female,92
103,Noland,Haberjam,nhaberjam2u@webeden.co.uk,Male,79
104,Krystalle,Jenicek,kjenicek2v@plala.or.jp,Female,19
105,Janifer,Cammomile,jcammomile2w@a8.net,Female,37
106,Zaria,Bouldstridge,zbouldstridge2x@addtoany.com,Bigender,4
107,Pauline,Toye,ptoye2y@youtu.be,Bigender,15
108,Shandeigh,Frankling,sfrankling2z@nsw.gov.au,Female,81
109,Cleavland,Terrey,cterrey30@bloglines.com,Male,49
110,Darby,Jarrette,djarrette31@cargocollective.com,Female,1
111,Shandra,Lydall,slydall32@youtube.com,Female,51
112,Aguste,Keady,akeady33@google.co.jp,Male,38
113,Waylen,Boag,wboag34@arstechnica.com,Genderqueer,19
114,Roseann,Bonn,rbonn35@1688.com,Female,9
115,Solly,Pea,spea36@pagesperso-orange.fr,Male,55
116,Cord,Conkey,cconkey37@opera.com,Male,95
117,Marianna,Geely,mgeely38@tripadvisor.com,Female,43
118,Tabby,Benjamin,tbenjamin39@tripod.com,Male,27
119,Birk,Scala,bscala3a@meetup.com,Male,30
120,Harriet,Darben,hdarben3b@twitter.com,Female,82
121,Yevette,Wilber,ywilber3c@dion.ne.jp,Female,48
122,Devin,Entissle,dentissle3d@economist.com,Female,23
123,Marice,Sitch,msitch3e@cargocollective.com,Female,56
124,Carree,Joscelyn,cjoscelyn3f@dot.gov,Female,1
125,Angie,Lunney,alunney3g@ucla.edu,Female,44
126,Findley,Welland,fwelland3h@fc2.com,Male,83
127,Catharine,Surtees,csurtees3i@mtv.com,Female,45
128,Rolland,Cussins,rcussins3j@hud.gov,Male,22
129,Yehudit,Gitsham,ygitsham3k@gmpg.org,Male,83
130,Tristan,Bain,tbain3l@unc.edu,Male,99
131,Merl,Giacobillo,mgiacobillo3m@senate.gov,Female,90
132,Merrel,Alexander,malexander3n@people.com.cn,Male,24
133,Patin,Ambrogiotti,pambrogiotti3o@xrea.com,Male,51
134,Gian,Coiley,gcoiley3p@issuu.com,Male,78
135,Adele,Amyes,aamyes3q@amazon.de,Genderqueer,31
136,Giavani,Pellingar,gpellingar3r@whitehouse.gov,Male,19
137,Forbes,Bennet,fbennet3s@columbia.edu,Male,6
138,Brady,Udey,budey3t@sciencedaily.com,Male,78
139,Clerc,Kop,ckop3u@studiopress.com,Male,73
140,Randolph,Jaeggi,rjaeggi3v@printfriendly.com,Male,74
141,Aida,Batterbee,abatterbee3w@spotify.com,Female,51
142,Chan,Enrich,cenrich3x@sourceforge.net,Male,22
143,Tremaine,Kilkenny,tkilkenny3y@tmall.com,Male,2
144,Olympia,Iglesias,oiglesias3z@discuz.net,Female,2
145,Marybelle,Leaf,mleaf40@over-blog.com,Female,25
146,Horst,Beddow,hbeddow41@live.com,Male,66
147,Floyd,Lautie,flautie42@godaddy.com,Male,39
148,Jacqui,Zapata,jzapata43@fema.gov,Genderqueer,97
149,Zorah,Eick,zeick44@chron.com,Female,86
150,Wandis,Lally,wlally45@msn.com,Female,21
151,Gerhardt,Fugere,gfugere46@nba.com,Male,5
152,Gay,Woolatt,gwoolatt47@newsvine.com,Female,64
153,Mario,Bernardoux,mbernardoux48@wired.com,Male,83
154,Becka,Butland,bbutland49@prweb.com,Female,58
155,Aharon,Lages,alages4a@wunderground.com,Male,81
156,Hannie,MacKniely,hmackniely4b@tripod.com,Female,40
157,Celesta,Archley,carchley4c@wordpress.org,Female,96
158,Harriette,Kinnin,hkinnin4d@altervista.org,Female,100
159,Alie,Oaten,aoaten4e@jimdo.com,Female,10
160,Rozalie,Spritt,rspritt4f@xinhuanet.com,Female,68
161,Devora,Rowlett,drowlett4g@tumblr.com,Female,44
162,Lenna,Pullin,lpullin4h@i2i.jp,Female,18
163,Dur,Bainbridge,dbainbridge4i@phpbb.com,Male,76
164,Sophie,Samudio,ssamudio4j@alexa.com,Female,26
165,Tyrone,Looby,tlooby4k@wordpress.com,Male,2
166,Erik,Maud,emaud4l@about.com,Male,87
167,Eberto,Borit,eborit4m@cbsnews.com,Male,17
168,Esra,Isacoff,eisacoff4n@nba.com,Male,13
169,Vevay,Christoffe,vchristoffe4o@sfgate.com,Female,11
170,Jobi,Ironmonger,jironmonger4p@mediafire.com,Female,37
171,Cecil,MacCartair,cmaccartair4q@simplemachines.org,Female,37
172,Annis,Tondeur,atondeur4r@dedecms.com,Female,37
173,Josh,Earwicker,jearwicker4s@vinaora.com,Male,40
174,Weidar,Ferryman,wferryman4t@umn.edu,Male,42
175,Erick,Blant,eblant4u@bbb.org,Male,89
176,Nara,Aaronsohn,naaronsohn4v@bing.com,Female,99
177,Torre,Petkovic,tpetkovic4w@storify.com,Male,17
178,Jannelle,Rubica,jrubica4x@123-reg.co.uk,Female,59
179,Sunny,Kynson,skynson4y@istockphoto.com,Female,40
180,Teresa,Kochlin,tkochlin4z@networksolutions.com,Female,92
181,Montague,Jertz,mjertz50@salon.com,Male,64
182,Sofie,Cranfield,scranfield51@salon.com,Female,38
183,Umeko,Bennie,ubennie52@elpais.com,Female,31
184,Basile,Draayer,bdraayer53@yale.edu,Male,36
185,Hart,Row,hrow54@wufoo.com,Male,15
186,Gipsy,Overell,goverell55@sakura.ne.jp,Female,43
187,Boothe,Sandle,bsandle56@bandcamp.com,Male,2
188,Sarene,Christaeas,schristaeas57@hugedomains.com,Genderqueer,6
189,Carlotta,Crosgrove,ccrosgrove58@xing.com,Female,65
190,Galven,Pountney,gpountney59@posterous.com,Male,100
191,Baxter,Blooman,bblooman5a@prlog.org,Male,38
192,Rafaelia,Leonardi,rleonardi5b@europa.eu,Female,24
193,Mark,Counsell,mcounsell5c@alibaba.com,Male,27
194,Corrie,Swire,cswire5d@bbc.co.uk,Female,68
195,Miles,Freeborn,mfreeborn5e@gmpg.org,Male,64
196,Gasper,Gierke,ggierke5f@howstuffworks.com,Male,39
197,Padriac,Marginson,pmarginson5g@shareasale.com,Male,66
198,Tully,Tuckie,ttuckie5h@pbs.org,Male,60
199,Chicky,Matieu,cmatieu5i@forbes.com,Male,86
200,Britney,MacGiany,bmacgiany5j@mac.com,Female,32
201,Arlan,Baumaier,abaumaier5k@aol.com,Male,1
202,Wash,Elia,welia5l@symantec.com,Male,85
203,Wileen,Hammerberger,whammerberger5m@marketwatch.com,Female,41
204,Zane,Risborough,zrisborough5n@scribd.com,Male,50
205,Robbyn,Aim,raim5o@last.fm,Bigender,19
206,Jameson,Schrader,jschrader5p@arstechnica.com,Male,13
207,Beauregard,Buckthorp,bbuckthorp5q@miitbeian.gov.cn,Male,56
208,Geri,Madden,gmadden5r@nih.gov,Female,96
209,Evey,Miskin,emiskin5s@csmonitor.com,Female,60
210,Osbourne,Kirwan,okirwan5t@xing.com,Male,26
211,Georgia,Vasser,gvasser5u@163.com,Female,34
212,Hildy,Temperley,htemperley5v@princeton.edu,Female,19
213,Fran,Godbolt,fgodbolt5w@zimbio.com,Female,59
214,Merrielle,Iorns,miorns5x@xing.com,Female,46
215,Boycie,Graalman,bgraalman5y@craigslist.org,Male,52
216,Chelsie,Brydone,cbrydone5z@amazon.co.uk,Female,59
217,Alisun,Haley,ahaley60@mail.ru,Female,35
218,Pat,Spriggin,pspriggin61@elpais.com,Female,70
219,Ferguson,Forst,fforst62@imdb.com,Male,44
220,Garald,Tupper,gtupper63@mysql.com,Male,10
221,Rebecca,Quarrington,rquarrington64@ihg.com,Agender,14
222,Andreas,Copestick,acopestick65@woothemes.com,Male,66
223,Leslie,Gambles,lgambles66@prnewswire.com,Male,57
224,Syd,Apfler,sapfler67@seattletimes.com,Male,57
225,Rutherford,Buttler,rbuttler68@dell.com,Male,72
226,Sharline,Layzell,slayzell69@networkadvertising.org,Female,52
227,Brita,Gofforth,bgofforth6a@timesonline.co.uk,Female,25
228,Randolph,Tammadge,rtammadge6b@w3.org,Male,50
229,Paula,Behrend,pbehrend6c@unicef.org,Female,2
230,Velvet,Vsanelli,vvsanelli6d@hp.com,Female,18
231,Cyndy,Hegden,chegden6e@purevolume.com,Female,25
232,Artur,Giacoboni,agiacoboni6f@clickbank.net,Genderfluid,2
233,Beatrix,Kildahl,bkildahl6g@soup.io,Female,69
234,Colin,Glacken,cglacken6h@gravatar.com,Male,48
235,Molly,Dicks,mdicks6i@chronoengine.com,Female,32
236,Billy,Licciardello,blicciardello6j@go.com,Male,98
237,Lorine,Lautie,llautie6k@altervista.org,Female,15
238,Octavius,Ballin,oballin6l@mlb.com,Male,58
239,Cordell,Baldry,cbaldry6m@woothemes.com,Male,51
240,Alida,Shepton,ashepton6n@php.net,Female,64
241,Rupert,Yankishin,ryankishin6o@mediafire.com,Male,1
242,Ernest,Belliveau,ebelliveau6p@bandcamp.com,Male,25
243,Toinette,Tipping,ttipping6q@artisteer.com,Female,24
244,Carlina,Sprowle,csprowle6r@163.com,Female,35
245,Fredelia,Lubeck,flubeck6s@jugem.jp,Female,57
246,Astra,Howick,ahowick6t@baidu.com,Female,21
247,Arron,Huleatt,ahuleatt6u@shinystat.com,Male,4
248,Hank,Verry,hverry6v@lulu.com,Male,28
249,Ogden,Overnell,oovernell6w@army.mil,Male,56
250,Mark,Reneke,mreneke6x@digg.com,Male,4
251,Sky,Kilian,skilian6y@uol.com.br,Male,89
252,Gweneth,Chinge,gchinge6z@com.com,Female,79
253,Bibbie,Geater,bgeater70@ameblo.jp,Female,86
254,Frasco,Tierney,ftierney71@slideshare.net,Genderqueer,20
255,Shelly,Gowlett,sgowlett72@aol.com,Female,10
256,Phoebe,Dallison,pdallison73@ning.com,Female,53
257,Glori,Barratt,gbarratt74@jugem.jp,Genderfluid,98
258,Noble,Greatbatch,ngreatbatch75@ted.com,Male,97
259,Jaclin,Loadman,jloadman76@gmpg.org,Female,21
260,Annabal,Stenson,astenson77@facebook.com,Female,66
261,Nappie,McHarry,nmcharry78@wikipedia.org,Male,94
262,Nadeen,Gowdy,ngowdy79@cdbaby.com,Female,64
263,Oliy,Candwell,ocandwell7a@miitbeian.gov.cn,Female,59
264,Helene,Belham,hbelham7b@symantec.com,Female,19
265,Marvin,Werrilow,mwerrilow7c@ow.ly,Male,28
266,Constantia,Ouldcott,couldcott7d@macromedia.com,Female,12
267,Hyman,Hover,hhover7e@feedburner.com,Male,84
268,Tara,Nancekivell,tnancekivell7f@meetup.com,Female,57
269,Timoteo,Kidgell,tkidgell7g@smh.com.au,Male,69
270,Micky,Bramstom,mbramstom7h@bandcamp.com,Female,39
271,Orsa,Glassborow,oglassborow7i@cdc.gov,Polygender,80
272,Everett,Carik,ecarik7j@pen.io,Male,99
273,Denyse,Habbal,dhabbal7k@arizona.edu,Female,100
274,Alyss,Dowrey,adowrey7l@pcworld.com,Polygender,26
275,Jennine,Dinnis,jdinnis7m@ed.gov,Bigender,63
276,Hildagarde,Burgott,hburgott7n@yolasite.com,Female,13
277,Candace,Defond,cdefond7o@timesonline.co.uk,Female,92
278,Kaspar,Bottoner,kbottoner7p@home.pl,Male,46
279,Nisse,Anselmi,nanselmi7q@constantcontact.com,Female,54
280,Rodi,Chesterfield,rchesterfield7r@multiply.com,Female,29
281,Feliza,Newberry,fnewberry7s@seesaa.net,Female,85
282,Rip,Le Quesne,rlequesne7t@arizona.edu,Agender,84
283,Johannes,Pickthall,jpickthall7u@hubpages.com,Male,99
284,Erminie,Rozsa,erozsa7v@cbsnews.com,Female,68
285,Rowland,Danniel,rdanniel7w@archive.org,Male,53
286,Angel,Redhole,aredhole7x@amazon.co.jp,Male,23
287,Lek,Behning,lbehning7y@jigsy.com,Male,38
288,Jard,Dibdall,jdibdall7z@barnesandnoble.com,Male,35
289,Onofredo,Bambrick,obambrick80@cocolog-nifty.com,Male,90
290,Brandy,McLennan,bmclennan81@sciencedirect.com,Male,16
291,Jarid,Kondratenko,jkondratenko82@cnbc.com,Male,100
292,Hersh,Sarchwell,hsarchwell83@topsy.com,Male,57
293,Maddie,Wheelton,mwheelton84@miibeian.gov.cn,Female,62
294,Giacinta,Mousdall,gmousdall85@wufoo.com,Female,34
295,Hodge,Guillerman,hguillerman86@umich.edu,Male,66
296,Sonni,Travis,stravis87@free.fr,Non-binary,86
297,Putnam,Ludye,pludye88@webeden.co.uk,Male,56
298,Sergeant,Keyho,skeyho89@netlog.com,Male,71
299,Hector,Tee,htee8a@sciencedaily.com,Male,74
300,Melli,Lufkin,mlufkin8b@purevolume.com,Female,3
301,Broddie,Ghidini,bghidini8c@yahoo.co.jp,Male,8
302,Binnie,Desquesnes,bdesquesnes8d@cdc.gov,Female,53
303,Melita,Summerell,msummerell8e@reuters.com,Genderfluid,50
304,Justinian,Cornelis,jcornelis8f@cnet.com,Agender,13
305,Frederique,Gaskall,fgaskall8g@vinaora.com,Female,96
306,Alexandre,Casseldine,acasseldine8h@vk.com,Agender,79
307,Bobina,Coll,bcoll8i@google.com.br,Female,90
308,Alf,Binford,abinford8j@gizmodo.com,Male,82
309,Elva,Willsmore,ewillsmore8k@marriott.com,Genderqueer,52
310,Chaddie,Edgson,cedgson8l@nature.com,Male,12
311,Vikky,O'Cridigan,vocridigan8m@java.com,Female,87
312,Lori,Coushe,lcoushe8n@list-manage.com,Female,19
313,Alicia,Mantripp,amantripp8o@cnn.com,Female,67
314,Duky,Ridgwell,dridgwell8p@opera.com,Male,8
315,Hershel,Tomasino,htomasino8q@rakuten.co.jp,Male,89
316,Torrey,Wykes,twykes8r@tiny.cc,Male,50
317,Elsie,Winterburn,ewinterburn8s@diigo.com,Female,2
318,Barbee,Pietron,bpietron8t@state.tx.us,Female,15
319,Hastie,Izzatt,hizzatt8u@lycos.com,Male,45
320,Archibold,Berriman,aberriman8v@wisc.edu,Male,88
321,Vinny,Olliff,volliff8w@cnn.com,Male,93
322,Aurel,Bernasek,abernasek8x@buzzfeed.com,Female,31
323,Bartlet,Mourgue,bmourgue8y@wsj.com,Male,55
324,Payton,Wisson,pwisson8z@si.edu,Male,93
325,Eugenio,Poley,epoley90@netlog.com,Male,77
326,Keary,Yearne,kyearne91@hubpages.com,Male,77
327,Colline,Bringloe,cbringloe92@craigslist.org,Female,78
328,Devlen,Yantsurev,dyantsurev93@uiuc.edu,Male,87
329,Victor,Dumberell,vdumberell94@quantcast.com,Male,53
330,Tessa,Trace,ttrace95@ameblo.jp,Female,48
331,Kermit,Lippett,klippett96@uol.com.br,Male,61
332,Kass,Girone,kgirone97@hostgator.com,Female,9
333,Nicola,Crosier,ncrosier98@netlog.com,Female,60
334,Carlin,Arlt,carlt99@sbwire.com,Female,39
335,Kyla,Trathen,ktrathen9a@unicef.org,Female,18
336,Austin,Davson,adavson9b@buzzfeed.com,Female,28
337,Kali,Dempsey,kdempsey9c@google.ca,Female,42
338,Allan,Staker,astaker9d@berkeley.edu,Male,68
339,Ira,Cuskery,icuskery9e@instagram.com,Female,76
340,Maurizio,Fulham,mfulham9f@instagram.com,Male,45
341,Evangelin,Riteley,eriteley9g@stumbleupon.com,Female,84
342,Clarey,Yggo,cyggo9h@cam.ac.uk,Female,75
343,Vivienne,Peche,vpeche9i@economist.com,Female,57
344,Ichabod,Kemp,ikemp9j@salon.com,Male,3
345,Lindsay,Mowling,lmowling9k@yale.edu,Male,98
346,Annabelle,Raft,araft9l@studiopress.com,Female,14
347,Brodie,Hambatch,bhambatch9m@amazon.co.jp,Male,59
348,Edyth,Yorath,eyorath9n@addtoany.com,Female,53
349,Maurie,McCurtain,mmccurtain9o@yahoo.co.jp,Male,7
350,Giordano,Sadler,gsadler9p@goo.ne.jp,Male,35
351,Matteo,Splevin,msplevin9q@trellian.com,Male,57
352,Betteann,Yurevich,byurevich9r@myspace.com,Female,12
353,Flor,Mitroshinov,fmitroshinov9s@i2i.jp,Female,71
354,Patrick,Canario,pcanario9t@prnewswire.com,Male,76
355,Cristin,Battey,cbattey9u@sourceforge.net,Polygender,100
356,Zacharia,Itzcak,zitzcak9v@google.ca,Male,96
357,Elroy,Zelland,ezelland9w@home.pl,Male,33
358,Damien,Lamartine,dlamartine9x@1688.com,Male,69
359,William,Morfield,wmorfield9y@fastcompany.com,Male,69
360,Mable,Epdell,mepdell9z@spotify.com,Female,76
361,Teddy,Pistol,tpistola0@pinterest.com,Male,87
362,Gabrielle,Glas,gglasa1@ca.gov,Female,60
363,Timmi,Reskelly,treskellya2@nifty.com,Female,56
364,Clementine,Shakesby,cshakesbya3@nsw.gov.au,Female,73
365,Vere,Cyseley,vcyseleya4@apple.com,Female,72
366,Hollis,Friary,hfriarya5@live.com,Male,54
367,Bastien,Wadge,bwadgea6@uiuc.edu,Male,4
368,Vere,Chelnam,vchelnama7@imageshack.us,Female,77
369,Caitlin,Conew,cconewa8@imgur.com,Female,73
370,Paula,Wison,pwisona9@netlog.com,Female,27
371,Rooney,Heaysman,rheaysmanaa@spiegel.de,Male,61
372,Jonathan,Stobart,jstobartab@digg.com,Male,4
373,Wilek,Edgeler,wedgelerac@wikia.com,Male,69
374,Odey,Dinan,odinanad@squarespace.com,Male,64
375,Maye,Grzegorzewski,mgrzegorzewskiae@yolasite.com,Female,20
376,Krystyna,Hehir,khehiraf@t-online.de,Female,52
377,Becki,Aldie,baldieag@cloudflare.com,Female,29
378,Lissi,McGahern,lmcgahernah@addthis.com,Female,26
379,Shaylynn,Huot,shuotai@youtu.be,Female,51
380,Ricky,Matyushonok,rmatyushonokaj@purevolume.com,Male,44
381,Axe,Widdup,awiddupak@mail.ru,Male,63
382,Lavena,Longhorne,llonghorneal@latimes.com,Agender,28
383,Terencio,Redfern,tredfernam@mayoclinic.com,Agender,24
384,Zane,Cropp,zcroppan@meetup.com,Male,87
385,Pat,Pinckney,ppinckneyao@go.com,Male,11
386,Lucais,Lere,llereap@ebay.com,Male,6
387,Carilyn,Talton,ctaltonaq@cyberchimps.com,Female,47
388,Lenee,Drakeford,ldrakefordar@noaa.gov,Genderfluid,48
389,Georgette,Yglesia,gyglesiaas@etsy.com,Female,71
390,Aubry,Burrage,aburrageat@squidoo.com,Female,75
391,Marcos,Callan,mcallanau@omniture.com,Male,59
392,Giles,Swinney,gswinneyav@indiatimes.com,Male,25
393,Pearle,Budgey,pbudgeyaw@flickr.com,Female,69
394,Si,Bigadike,sbigadikeax@paginegialle.it,Male,94
395,Philomena,Stuer,pstueray@ebay.com,Female,55
396,Vince,Millett,vmillettaz@goo.gl,Male,45
397,Phaidra,Sibary,psibaryb0@cnbc.com,Female,14
398,Maridel,Bean,mbeanb1@etsy.com,Genderfluid,11
399,Ruthe,Exall,rexallb2@miibeian.gov.cn,Female,80
400,Wylie,Keedwell,wkeedwellb3@un.org,Male,45
401,Darb,Inker,dinkerb4@ustream.tv,Female,21
402,Milka,Schwand,mschwandb5@princeton.edu,Female,26
403,Quinlan,Robichon,qrobichonb6@is.gd,Male,54
404,Igor,Fidele,ifideleb7@cafepress.com,Male,86
405,Elston,Le Marchant,elemarchantb8@go.com,Male,42
406,Shaughn,Ryce,sryceb9@altervista.org,Male,38
407,Cathrine,Squelch,csquelchba@bigcartel.com,Female,36
408,Balduin,Sproson,bsprosonbb@vistaprint.com,Male,30
409,Marys,Cuniam,mcuniambc@chron.com,Female,46
410,Denys,Newlands,dnewlandsbd@prweb.com,Male,55
411,Vitia,Spennock,vspennockbe@newsvine.com,Female,44
412,Gerhard,Sherewood,gsherewoodbf@google.de,Male,85
413,Kyrstin,Tomasutti,ktomasuttibg@state.gov,Agender,28
414,Torey,Blanden,tblandenbh@so-net.ne.jp,Female,3
415,Waylan,Andrejs,wandrejsbi@hostgator.com,Male,68
416,Charity,Pinner,cpinnerbj@trellian.com,Non-binary,9
417,Mary,Farlamb,mfarlambbk@nydailynews.com,Female,89
418,Alexander,Faill,afaillbl@washington.edu,Non-binary,83
419,Annamaria,Alejandro,aalejandrobm@list-manage.com,Female,100
420,Clari,Wybern,cwybernbn@cargocollective.com,Female,84
421,Carrie,Benech,cbenechbo@walmart.com,Female,100
422,Bernadina,Sivyour,bsivyourbp@amazonaws.com,Female,49
423,Lorena,Airdrie,lairdriebq@earthlink.net,Female,49
424,Gale,Gobolos,ggobolosbr@reddit.com,Male,60
425,Jamill,Jakoub,jjakoubbs@yolasite.com,Male,20
426,Sibeal,Yesenev,syesenevbt@typepad.com,Female,40
427,Ford,Lemoir,flemoirbu@newsvine.com,Bigender,90
428,Palm,Clement,pclementbv@webnode.com,Male,93
429,Dorise,Cogzell,dcogzellbw@home.pl,Female,61
430,Marni,Caulcutt,mcaulcuttbx@people.com.cn,Female,70
431,Starlin,Leng,slengby@gnu.org,Female,27
432,Wynny,Cowlard,wcowlardbz@biglobe.ne.jp,Female,93
433,Marlin,Iddons,middonsc0@linkedin.com,Male,71
434,Beniamino,Gregine,bgreginec1@biblegateway.com,Male,4
435,Donielle,Sime,dsimec2@bigcartel.com,Female,26
436,Karissa,Kinver,kkinverc3@rambler.ru,Female,12
437,Brendon,Navan,bnavanc4@harvard.edu,Male,79
438,Louise,Harrold,lharroldc5@elpais.com,Female,66
439,Marietta,Monteath,mmonteathc6@storify.com,Male,55
440,Idette,Adnet,iadnetc7@ycombinator.com,Female,35
441,Selia,Macy,smacyc8@artisteer.com,Female,88
442,Marcella,Heeney,mheeneyc9@disqus.com,Genderfluid,21
443,Danyette,Fewlass,dfewlassca@hp.com,Female,17
444,Erich,Scotland,escotlandcb@toplist.cz,Male,13
445,Denyse,Rubi,drubicc@npr.org,Female,56
446,Alexandros,Meneghi,ameneghicd@dot.gov,Male,30
447,Obie,Bletcher,obletcherce@hexun.com,Genderfluid,77
448,Hedvig,Sulman,hsulmancf@tripadvisor.com,Non-binary,50
449,Caterina,Coda,ccodacg@un.org,Bigender,89
450,Giovanna,Battey,gbatteych@sbwire.com,Female,6
451,Spencer,Bryant,sbryantci@yellowbook.com,Male,31
452,Shalna,Scullard,sscullardcj@odnoklassniki.ru,Female,66
453,Hettie,Worboys,hworboysck@sun.com,Female,91
454,Bobbie,Carcass,bcarcasscl@nationalgeographic.com,Female,69
455,Rhodie,Featley,rfeatleycm@ezinearticles.com,Female,6
456,Del,Willmett,dwillmettcn@youku.com,Male,17
457,Virginie,Maffey,vmaffeyco@myspace.com,Female,25
458,Pegeen,Kildale,pkildalecp@devhub.com,Female,12
459,Dallas,Waddy,dwaddycq@shareasale.com,Bigender,27
460,Tymothy,Hookes,thookescr@google.co.jp,Male,71
461,Cinda,Carbry,ccarbrycs@imageshack.us,Genderfluid,75
462,Rachele,McKilroe,rmckilroect@lulu.com,Female,22
463,Alano,Savory,asavorycu@flickr.com,Male,27
464,Shani,Lugton,slugtoncv@webmd.com,Female,36
465,Elwood,Malshinger,emalshingercw@cbslocal.com,Male,63
466,Ingeborg,Sheal,ishealcx@ucla.edu,Female,62
467,Tommy,Sterrie,tsterriecy@irs.gov,Male,67
468,Adrian,Folkerd,afolkerdcz@wix.com,Female,36
469,Miran,Bandy,mbandyd0@de.vu,Female,53
470,Westley,Babber,wbabberd1@themeforest.net,Male,33
471,Guillermo,Dillon,gdillond2@lycos.com,Male,49
472,Anatollo,Fidilis,afidilisd3@topsy.com,Male,63
473,Reuben,Biddulph,rbiddulphd4@istockphoto.com,Male,60
474,Trevor,Duigenan,tduigenand5@altervista.org,Male,61
475,Sybil,Buggs,sbuggsd6@un.org,Female,44
476,Tabbi,Degli Abbati,tdegliabbatid7@blogtalkradio.com,Female,11
477,Paul,McNaught,pmcnaughtd8@theatlantic.com,Male,34
478,Victor,Ivanchov,vivanchovd9@privacy.gov.au,Male,42
479,Frederico,Ashelford,fashelfordda@tumblr.com,Male,10
480,Gwenora,Brayley,gbrayleydb@blogs.com,Female,22
481,Rebe,Pye,rpyedc@php.net,Female,2
482,Gradey,Asmus,gasmusdd@pinterest.com,Male,26
483,Kerwin,Pinare,kpinarede@google.com,Male,64
484,Patrice,Cosbee,pcosbeedf@multiply.com,Male,28
485,Dyanna,Pockey,dpockeydg@artisteer.com,Female,29
486,Ulric,Dowthwaite,udowthwaitedh@goo.ne.jp,Male,10
487,Cherise,Etheridge,cetheridgedi@apple.com,Female,55
488,Erv,Gerrelt,egerreltdj@oracle.com,Male,24
489,Marika,Fairbanks,mfairbanksdk@ocn.ne.jp,Female,47
490,Margie,McConaghy,mmcconaghydl@newsvine.com,Genderfluid,93
491,Heriberto,Romayne,hromaynedm@umich.edu,Male,57
492,Aida,Smitheram,asmitheramdn@dedecms.com,Female,59
493,Johnny,Hallifax,jhallifaxdo@usda.gov,Male,8
494,Waldo,Zambonini,wzamboninidp@boston.com,Male,79
495,Florence,Emmot,femmotdq@sciencedirect.com,Genderfluid,70
496,Mick,Filinkov,mfilinkovdr@deliciousdays.com,Male,40
497,Pollyanna,Gundry,pgundryds@sun.com,Female,58
498,Leontyne,Harrington,lharringtondt@yellowbook.com,Female,90
499,Quintus,Base,qbasedu@merriam-webster.com,Male,99
500,Darnall,Woolvin,dwoolvindv@histats.com,Male,82
501,Sansone,Baumadier,sbaumadierdw@list-manage.com,Male,52
502,Nevsa,Korlat,nkorlatdx@sakura.ne.jp,Female,10
503,Germaine,Tomasoni,gtomasonidy@1und1.de,Male,69
504,Aile,Dancey,adanceydz@yellowbook.com,Female,21
505,Ralf,Joannidi,rjoannidie0@globo.com,Male,78
506,Sayre,Kirstein,skirsteine1@studiopress.com,Female,66
507,Flss,Fraulo,ffrauloe2@moonfruit.com,Female,20
508,Giffer,Woodier,gwoodiere3@webmd.com,Male,15
509,Malina,Machon,mmachone4@nbcnews.com,Female,50
510,Fitzgerald,Laherty,flahertye5@tiny.cc,Male,32
511,Ari,Picot,apicote6@mit.edu,Male,32
512,Charles,Leonardi,cleonardie7@wordpress.org,Male,30
513,Ellery,Leathes,eleathese8@xing.com,Male,74
514,Erwin,Camosso,ecamossoe9@ft.com,Genderqueer,47
515,Paulette,Enric,penricea@tripadvisor.com,Female,38
516,Shellysheldon,Cannings,scanningseb@icio.us,Male,44
517,Ebenezer,Tayloe,etayloeec@biblegateway.com,Male,55
518,Davey,Duffell,dduffelled@yahoo.co.jp,Polygender,40
519,Cletus,Tuting,ctutingee@sbwire.com,Male,100
520,Tedman,Gerlack,tgerlackef@ucoz.ru,Male,59
521,Hal,Soars,hsoarseg@multiply.com,Male,21
522,Camellia,Hounihan,chounihaneh@wired.com,Female,25
523,Alena,Guiot,aguiotei@topsy.com,Female,10
524,Calhoun,Ithell,cithellej@cargocollective.com,Male,11
525,Zelma,Westwater,zwestwaterek@independent.co.uk,Female,88
526,Drusy,Nannini,dnanniniel@surveymonkey.com,Female,71
527,Lavena,Ingle,lingleem@tiny.cc,Agender,77
528,Herman,Candelin,hcandelinen@cmu.edu,Male,24
529,Cordula,Rabbe,crabbeeo@feedburner.com,Female,73
530,Vaclav,Reen,vreenep@timesonline.co.uk,Male,93
531,Hadleigh,Gebby,hgebbyeq@ebay.com,Male,5
532,Cassandra,Goodhall,cgoodhaller@furl.net,Female,32
533,Julienne,de Clerk,jdeclerkes@guardian.co.uk,Female,56
534,Josselyn,Croucher,jcroucheret@shop-pro.jp,Female,40
535,Jere,Forward,jforwardeu@google.com.au,Male,4
536,Ian,Cristofolini,icristofoliniev@topsy.com,Male,83
537,Elvira,Gouldstone,egouldstoneew@netlog.com,Female,20
538,Janey,Redholls,jredhollsex@telegraph.co.uk,Female,68
539,Kennan,Swains,kswainsey@homestead.com,Male,90
540,Yule,Delahunty,ydelahuntyez@shutterfly.com,Male,82
541,Zachery,Harower,zharowerf0@wix.com,Male,14
542,Zollie,Entissle,zentisslef1@nature.com,Male,82
543,Uta,Whittlesey,uwhittleseyf2@patch.com,Bigender,51
544,Aldon,Kenway,akenwayf3@yale.edu,Male,38
545,Tadd,Gamblin,tgamblinf4@wikia.com,Male,34
546,Currie,Brahan,cbrahanf5@pcworld.com,Male,40
547,Jase,Mulvaney,jmulvaneyf6@miibeian.gov.cn,Male,5
548,Tobiah,Mowling,tmowlingf7@live.com,Male,50
549,Matthias,Sends,msendsf8@myspace.com,Male,96
550,Hussein,Maxsted,hmaxstedf9@nhs.uk,Male,50
551,Beatrice,Bortol,bbortolfa@stumbleupon.com,Female,63
552,Robinia,Clitheroe,rclitheroefb@i2i.jp,Female,18
553,Rafa,Queripel,rqueripelfc@github.com,Female,29
554,Norah,Gwillym,ngwillymfd@canalblog.com,Female,87
555,Iain,Capron,icapronfe@usda.gov,Male,79
556,Harriett,Hurford,hhurfordff@examiner.com,Female,15
557,Evin,Whinray,ewhinrayfg@nbcnews.com,Male,7
558,Freemon,Mostyn,fmostynfh@indiegogo.com,Male,52
559,Mill,Dorie,mdoriefi@utexas.edu,Male,38
560,Keenan,Inchbald,kinchbaldfj@desdev.cn,Male,24
561,Filippo,Torry,ftorryfk@reverbnation.com,Male,82
562,Joshua,Claeskens,jclaeskensfl@issuu.com,Male,39
563,Tyne,Videneev,tvideneevfm@un.org,Female,1
564,Junie,Redferne,jredfernefn@cam.ac.uk,Female,56
565,Joellyn,Britcher,jbritcherfo@goo.gl,Female,42
566,Norbie,Knipe,nknipefp@cbsnews.com,Male,41
567,Renee,Leyes,rleyesfq@ustream.tv,Female,7
568,Linzy,Savery,lsaveryfr@cnet.com,Female,31
569,Obidiah,Sommerton,osommertonfs@usa.gov,Male,5
570,Aileen,Bauckham,abauckhamft@github.com,Female,36
571,Zelma,Heaseman,zheasemanfu@google.pl,Female,97
572,Deirdre,Nuth,dnuthfv@springer.com,Genderqueer,29
573,Irene,Bernet,ibernetfw@php.net,Female,13
574,Gray,Daingerfield,gdaingerfieldfx@nytimes.com,Female,27
575,Jo,Enrrico,jenrricofy@telegraph.co.uk,Genderqueer,14
576,Corney,Tewkesbury,ctewkesburyfz@blog.com,Genderqueer,67
577,Alyse,Domanski,adomanskig0@discuz.net,Female,54
578,Lilyan,Bawme,lbawmeg1@seattletimes.com,Female,82
579,Domingo,Bestman,dbestmang2@weather.com,Genderqueer,40
580,Vilhelmina,Kinningley,vkinningleyg3@bloomberg.com,Female,46
581,Sergio,Spary,ssparyg4@exblog.jp,Male,52
582,Wenona,Sadlier,wsadlierg5@exblog.jp,Female,8
583,Hunfredo,Matresse,hmatresseg6@soup.io,Male,24
584,Arch,Matuszkiewicz,amatuszkiewiczg7@cbc.ca,Male,49
585,Hymie,Peake,hpeakeg8@marketwatch.com,Male,83
586,Johna,Geffe,jgeffeg9@webeden.co.uk,Female,80
587,Brett,Servant,bservantga@dailymail.co.uk,Male,56
588,Pietro,Torrance,ptorrancegb@nature.com,Male,59
589,Wylma,Sandland,wsandlandgc@adobe.com,Female,72
590,Pace,Haylock,phaylockgd@pinterest.com,Male,94
591,Shep,Leamy,sleamyge@google.co.jp,Male,31
592,Mariette,Anchor,manchorgf@parallels.com,Female,73
593,Ronny,Ivanishin,rivanishingg@mozilla.org,Female,32
594,Calla,Sangar,csangargh@people.com.cn,Female,7
595,Nadia,Pawfoot,npawfootgi@studiopress.com,Female,46
596,Patricia,Cortese,pcortesegj@lulu.com,Agender,71
597,Griffie,Evers,geversgk@mapy.cz,Bigender,62
598,Myrwyn,Leger,mlegergl@engadget.com,Male,5
599,Marigold,Stenton,mstentongm@dot.gov,Female,37
600,Renata,Hatchette,rhatchettegn@drupal.org,Female,92
601,Barri,Stirtle,bstirtlego@nbcnews.com,Male,58
602,Perren,Strode,pstrodegp@cdbaby.com,Male,82
603,Merill,Jordeson,mjordesongq@uol.com.br,Male,4
604,Kalie,Widd,kwiddgr@java.com,Non-binary,78
605,Laverna,Ghidotti,lghidottigs@canalblog.com,Female,72
606,Ardith,Newell,anewellgt@unesco.org,Bigender,70
607,Garey,Wakenshaw,gwakenshawgu@altervista.org,Male,75
608,Jeanette,Bracegirdle,jbracegirdlegv@bizjournals.com,Female,96
609,Micky,Fancourt,mfancourtgw@yahoo.co.jp,Female,38
610,Chane,Udell,cudellgx@fc2.com,Male,37
611,Phebe,Ledeker,pledekergy@nifty.com,Female,25
612,Waylan,Beams,wbeamsgz@accuweather.com,Male,15
613,Tallie,Filoniere,tfiloniereh0@toplist.cz,Female,90
614,Guido,Foker,gfokerh1@rakuten.co.jp,Male,33
615,Fayette,McGeoch,fmcgeochh2@twitter.com,Female,23
616,Elaine,Hucknall,ehucknallh3@shutterfly.com,Female,86
617,Nedda,Brecher,nbrecherh4@xrea.com,Female,17
618,Ines,Doggerell,idoggerellh5@oracle.com,Female,36
619,Standford,Steade,ssteadeh6@wix.com,Male,29
620,Natassia,Attrill,nattrillh7@forbes.com,Female,9
621,Adriena,Manuely,amanuelyh8@va.gov,Female,81
622,Katine,Wilding,kwildingh9@trellian.com,Female,9
623,Wells,Scouler,wscoulerha@chronoengine.com,Male,63
624,Ive,Keeble,ikeeblehb@github.com,Male,38
625,Lannie,Parzis,lparzishc@army.mil,Male,81
626,Penn,Montez,pmontezhd@cnn.com,Male,91
627,Marilin,Eberts,mebertshe@vimeo.com,Female,44
628,Lethia,Ring,lringhf@i2i.jp,Female,90
629,Melinda,Gunning,mgunninghg@vk.com,Female,98
630,Randell,Deschelle,rdeschellehh@stanford.edu,Male,38
631,Lester,Naile,lnailehi@sogou.com,Male,98
632,Siusan,D'Alesio,sdalesiohj@edublogs.org,Female,44
633,Geordie,Stuffins,gstuffinshk@ning.com,Male,21
634,Fancy,McQuorkell,fmcquorkellhl@baidu.com,Female,26
635,Olivia,Merkel,omerkelhm@epa.gov,Female,59
636,Cassondra,Clampett,cclampetthn@techcrunch.com,Female,73
637,Isa,Maliphant,imaliphantho@statcounter.com,Male,69
638,Emmit,Berecloth,ebereclothhp@etsy.com,Male,70
639,Katusha,McGinney,kmcginneyhq@geocities.jp,Female,100
640,Olivero,Cohan,ocohanhr@prlog.org,Male,75
641,Baillie,Tuohy,btuohyhs@bing.com,Male,79
642,Granny,Koenraad,gkoenraadht@home.pl,Male,20
643,Cherey,Keling,ckelinghu@hc360.com,Female,22
644,Denney,Kingzet,dkingzethv@mozilla.org,Male,4
645,Berni,Grass,bgrasshw@t.co,Female,39
646,Bradley,Jallin,bjallinhx@utexas.edu,Male,54
647,Pasquale,Godfree,pgodfreehy@canalblog.com,Male,13
648,Nikolia,O'Leahy,noleahyhz@techcrunch.com,Female,74
649,Katey,Monkley,kmonkleyi0@bbb.org,Agender,5
650,Briny,Middlewick,bmiddlewicki1@nifty.com,Female,79
651,Raleigh,Cressey,rcresseyi2@cnbc.com,Male,35
652,Homere,Roswarn,hroswarni3@over-blog.com,Male,76
653,Sterling,Gabriely,sgabrielyi4@webmd.com,Male,74
654,Sibel,Falco,sfalcoi5@weather.com,Female,27
655,Audrey,Asel,aaseli6@miitbeian.gov.cn,Female,51
656,Magdalen,Mitten,mmitteni7@myspace.com,Polygender,21
657,Arte,Steiner,asteineri8@forbes.com,Male,93
658,Andriette,Fried,afriedi9@ocn.ne.jp,Female,33
659,Bank,Oherlihy,boherlihyia@patch.com,Male,21
660,Raymund,Dodgson,rdodgsonib@friendfeed.com,Male,15
661,Lucie,Balasin,lbalasinic@shutterfly.com,Female,93
662,Natal,Bembrigg,nbembriggid@edublogs.org,Male,90
663,Merrielle,Tonsley,mtonsleyie@blogger.com,Female,92
664,Alexandre,Dybbe,adybbeif@yahoo.co.jp,Male,43
665,Fredek,Harniman,fharnimanig@independent.co.uk,Male,31
666,Albertine,Sommerly,asommerlyih@usatoday.com,Female,38
667,Lillian,Scase,lscaseii@ox.ac.uk,Female,6
668,Valerie,Valance,vvalanceij@cafepress.com,Female,78
669,Joey,Cockerill,jcockerillik@nytimes.com,Female,88
670,Rivalee,Czaple,rczapleil@wikimedia.org,Female,36
671,Nita,Dussy,ndussyim@hostgator.com,Female,25
672,Costanza,Coller,ccollerin@umich.edu,Female,78
673,Andros,Gorgler,agorglerio@constantcontact.com,Male,89
674,Karlotte,Bowdon,kbowdonip@istockphoto.com,Female,7
675,Blair,Watson,bwatsoniq@youtube.com,Male,80
676,Dorita,de Quincey,ddequinceyir@diigo.com,Bigender,56
677,Allegra,Ogles,aoglesis@auda.org.au,Female,54
678,Stavro,Iacovelli,siacovelliit@ibm.com,Male,93
679,Juan,Aartsen,jaartseniu@over-blog.com,Male,93
680,Georgia,Toffler,gtoffleriv@mashable.com,Polygender,45
681,Katusha,Krelle,kkrelleiw@ucla.edu,Female,69
682,Rozamond,Macenzy,rmacenzyix@forbes.com,Female,18
683,Krystyna,Bagehot,kbagehotiy@baidu.com,Agender,46
684,Tori,Boles,tbolesiz@bizjournals.com,Female,65
685,Dodie,Lobell,dlobellj0@usgs.gov,Female,7
686,Alma,Vallentine,avallentinej1@forbes.com,Female,26
687,Isabelita,Huske,ihuskej2@cyberchimps.com,Female,13
688,Kerry,De Ruggero,kderuggeroj3@mapquest.com,Female,68
689,Lance,Hearmon,lhearmonj4@independent.co.uk,Genderqueer,39
690,Giacinta,Shimony,gshimonyj5@wikispaces.com,Female,45
691,Dunstan,Poppleston,dpopplestonj6@amazon.co.jp,Male,79
692,Field,Lombardo,flombardoj7@com.com,Male,20
693,Elna,Cescot,ecescotj8@netscape.com,Female,92
694,Tammie,Gremane,tgremanej9@ihg.com,Male,29
695,Ashli,Reddlesden,areddlesdenja@pagesperso-orange.fr,Genderfluid,75
696,Heywood,Willan,hwillanjb@bizjournals.com,Male,6
697,Ryann,Catenot,rcatenotjc@google.com.au,Female,42
698,Dirk,Haggath,dhaggathjd@tamu.edu,Male,79
699,Collie,Gabrieli,cgabrielije@blinklist.com,Bigender,9
700,Fletch,McPeake,fmcpeakejf@shareasale.com,Male,22
701,Brion,Hendrick,bhendrickjg@yale.edu,Male,88
702,Jacqueline,Jebb,jjebbjh@earthlink.net,Female,19
703,Mallorie,Commings,mcommingsji@guardian.co.uk,Female,100
704,Hube,O'Duane,hoduanejj@google.ru,Male,83
705,Tremayne,Lamberti,tlambertijk@webmd.com,Male,73
706,Frederigo,Vagg,fvaggjl@illinois.edu,Male,64
707,Loralyn,Kindle,lkindlejm@digg.com,Female,70
708,Anthea,Silvers,asilversjn@mail.ru,Female,38
709,Cristy,Mardoll,cmardolljo@chron.com,Female,47
710,Skelly,D'Onise,sdonisejp@is.gd,Male,16
711,Coop,Esby,cesbyjq@unblog.fr,Male,96
712,Cindie,Diego,cdiegojr@dailymotion.com,Female,97
713,Claire,Stanhope,cstanhopejs@xing.com,Genderfluid,82
714,Wini,Duplock,wduplockjt@shinystat.com,Female,59
715,Ashley,Brace,abraceju@ucoz.com,Female,92
716,Rubie,Glaves,rglavesjv@chicagotribune.com,Female,39
717,Tait,Daouse,tdaousejw@wsj.com,Male,49
718,Milt,Odlin,modlinjx@businessweek.com,Male,12
719,Lesya,Filipponi,lfilipponijy@blinklist.com,Female,16
720,Wolfy,Boomes,wboomesjz@xrea.com,Male,3
721,Horatia,Asel,haselk0@macromedia.com,Female,95
722,Solomon,Penwright,spenwrightk1@bloglovin.com,Male,24
723,Quinn,Blunsen,qblunsenk2@etsy.com,Male,29
724,Boniface,Wolfinger,bwolfingerk3@dot.gov,Male,77
725,Virgie,Levens,vlevensk4@aboutads.info,Female,3
726,Cecilio,Eason,ceasonk5@soup.io,Male,70
727,Lydon,Bridell,lbridellk6@hostgator.com,Male,64
728,Odey,Chasle,ochaslek7@army.mil,Male,83
729,Katti,Tafani,ktafanik8@washingtonpost.com,Female,13
730,Lanae,Jezard,ljezardk9@edublogs.org,Female,74
731,Yancy,Otter,yotterka@vk.com,Male,93
732,Myrvyn,Knock,mknockkb@telegraph.co.uk,Male,21
733,Misha,Ramet,mrametkc@bloomberg.com,Female,17
734,Zaneta,Benedict,zbenedictkd@cafepress.com,Non-binary,1
735,Zedekiah,Cork,zcorkke@moonfruit.com,Male,97
736,Auroora,Handke,ahandkekf@wikia.com,Female,85
737,Ellene,Mandrier,emandrierkg@adobe.com,Female,32
738,Madalena,Liggens,mliggenskh@sourceforge.net,Female,34
739,Murry,Laimable,mlaimableki@hhs.gov,Male,12
740,Lori,Cyseley,lcyseleykj@netscape.com,Non-binary,24
741,Renate,Langley,rlangleykk@go.com,Non-binary,30
742,Franny,Birney,fbirneykl@google.pl,Female,53
743,Humfrey,Evitt,hevittkm@google.it,Male,32
744,Annalise,Pinnion,apinnionkn@cloudflare.com,Female,69
745,Sheba,Walsh,swalshko@nationalgeographic.com,Female,37
746,Molli,Dain,mdainkp@sbwire.com,Female,62
747,Doy,Swiggs,dswiggskq@hexun.com,Male,51
748,Rafe,Smallbone,rsmallbonekr@liveinternet.ru,Male,70
749,Ardith,Hicks,ahicksks@java.com,Female,51
750,Star,Manthroppe,smanthroppekt@java.com,Female,53
751,Willdon,Sawbridge,wsawbridgeku@opera.com,Male,26
752,Krystle,Fewings,kfewingskv@ycombinator.com,Female,98
753,Emmye,Milella,emilellakw@ucsd.edu,Female,99
754,Dalis,Bauer,dbauerkx@harvard.edu,Male,34
755,Reade,Kliche,rklicheky@twitter.com,Male,87
756,Dewie,Scrowson,dscrowsonkz@unblog.fr,Male,36
757,Jeralee,Moss,jmossl0@artisteer.com,Female,21
758,Helena,Froment,hfromentl1@stanford.edu,Female,71
759,Jarrod,Bourdis,jbourdisl2@fema.gov,Male,15
760,Mack,Leechman,mleechmanl3@wufoo.com,Male,82
761,Lorene,Daviddi,ldaviddil4@parallels.com,Female,97
762,Judd,Grigorey,jgrigoreyl5@irs.gov,Male,52
763,Annora,Viant,aviantl6@behance.net,Female,16
764,Gerty,Sabben,gsabbenl7@jalbum.net,Female,9
765,Stacey,Railton,srailtonl8@indiatimes.com,Female,82
766,Tarra,Blowers,tblowersl9@pagesperso-orange.fr,Female,23
767,Barry,Santi,bsantila@umich.edu,Male,19
768,Charleen,Brisseau,cbrisseaulb@walmart.com,Female,5
769,Brian,Alvis,balvislc@nifty.com,Male,44
770,Aldrich,Lidgate,alidgateld@google.pl,Male,31
771,Bibbie,Birchett,bbirchettle@cnn.com,Genderqueer,62
772,Trudey,Yerson,tyersonlf@pbs.org,Female,42
773,Hedda,McFadden,hmcfaddenlg@chronoengine.com,Female,17
774,Estrella,Nizet,enizetlh@t-online.de,Female,76
775,Kiel,Rhyme,krhymeli@mail.ru,Male,75
776,Sawyer,Checci,scheccilj@facebook.com,Male,53
777,Cam,Nisuis,cnisuislk@census.gov,Male,39
778,Tuckie,Porte,tportell@hhs.gov,Male,9
779,Joscelin,Alexandersson,jalexanderssonlm@ovh.net,Female,93
780,Bordy,Grishukov,bgrishukovln@cyberchimps.com,Male,17
781,Evie,Bwy,ebwylo@zimbio.com,Female,58
782,Norri,Snipe,nsnipelp@e-recht24.de,Female,99
783,Jerad,O'Corren,jocorrenlq@umich.edu,Male,12
784,Hermione,Brinklow,hbrinklowlr@slideshare.net,Non-binary,55
785,Bessy,Lovat,blovatls@taobao.com,Female,39
786,Heidie,Fennessy,hfennessylt@mapy.cz,Female,24
787,Liz,Classen,lclassenlu@123-reg.co.uk,Female,8
788,Allister,Revey,areveylv@accuweather.com,Male,16
789,Pyotr,Beautyman,pbeautymanlw@europa.eu,Male,85
790,Shea,Anan,sananlx@google.co.uk,Female,57
791,Dorise,Oxe,doxely@goo.ne.jp,Female,37
792,Roanne,Pflieger,rpfliegerlz@mayoclinic.com,Female,50
793,Thea,Preskett,tpreskettm0@tuttocitta.it,Bigender,57
794,Kalle,Argent,kargentm1@timesonline.co.uk,Male,77
795,Cecilia,Heinel,cheinelm2@themeforest.net,Female,31
796,Bartholomeo,Stove,bstovem3@taobao.com,Male,52
797,Wilek,Oldcroft,woldcroftm4@census.gov,Male,15
798,Madelina,Doy,mdoym5@netvibes.com,Female,2
799,Inger,Straw,istrawm6@blinklist.com,Female,58
800,Jennee,Tarry,jtarrym7@ted.com,Female,17
801,Bourke,Creswell,bcreswellm8@lycos.com,Male,89
802,Ines,Launder,ilaunderm9@harvard.edu,Female,37
803,Ray,Simoens,rsimoensma@hibu.com,Female,69
804,Edwina,Mc Gaughey,emcgaugheymb@ow.ly,Female,57
805,Jedediah,Imison,jimisonmc@umich.edu,Male,59
806,Georgine,Relf,grelfmd@zdnet.com,Female,98
807,Lezlie,Stockney,lstockneyme@economist.com,Female,85
808,Rudyard,Paulack,rpaulackmf@ow.ly,Male,86
809,Caddric,Gates,cgatesmg@booking.com,Male,90
810,Beverlie,Rowaszkiewicz,browaszkiewiczmh@vimeo.com,Female,73
811,Charline,Wych,cwychmi@naver.com,Polygender,42
812,Olivero,de Aguirre,odeaguirremj@addtoany.com,Male,3
813,Gerik,Le Brum,glebrummk@who.int,Male,54
814,Laural,Nettle,lnettleml@netlog.com,Female,89
815,Blaine,Espinoza,bespinozamm@sciencedirect.com,Male,12
816,Reinhold,Meran,rmeranmn@booking.com,Male,5
817,Alwyn,Danielot,adanielotmo@bbc.co.uk,Male,27
818,Moritz,Laslett,mlaslettmp@ameblo.jp,Male,15
819,Michael,Simonds,msimondsmq@blogspot.com,Male,41
820,Sandie,Cope,scopemr@hp.com,Female,82
821,Raphael,Terzi,rterzims@yolasite.com,Male,35
822,Andras,Cain,acainmt@technorati.com,Male,77
823,Omero,Micklewicz,omicklewiczmu@apache.org,Male,4
824,Manon,Dudek,mdudekmv@chicagotribune.com,Female,42
825,Durand,Bentson,dbentsonmw@opensource.org,Male,2
826,Leena,Gasticke,lgastickemx@oracle.com,Female,21
827,Darline,Castagnet,dcastagnetmy@reference.com,Female,26
828,Melinda,Castillon,mcastillonmz@theatlantic.com,Female,69
829,Skipton,Delete,sdeleten0@bizjournals.com,Male,5
830,Jordana,Spurett,jspurettn1@gnu.org,Female,47
831,Alva,Thickens,athickensn2@dedecms.com,Male,89
832,Iorgos,Speachley,ispeachleyn3@prweb.com,Male,10
833,Shane,Hairsine,shairsinen4@boston.com,Female,61
834,Mollie,Jamot,mjamotn5@economist.com,Female,53
835,Rea,Butts,rbuttsn6@economist.com,Female,50
836,Maxie,Casburn,mcasburnn7@earthlink.net,Male,57
837,Reinaldo,Shovelin,rshovelinn8@vk.com,Male,67
838,Ned,Bockler,nbocklern9@businessweek.com,Genderfluid,21
839,Gaspard,Phibb,gphibbna@nps.gov,Male,12
840,Stanford,Humbie,shumbienb@ihg.com,Male,32
841,Chic,Worwood,cworwoodnc@tumblr.com,Male,15
842,Danette,Afonso,dafonsond@multiply.com,Female,46
843,Doy,Vanyarkin,dvanyarkinne@army.mil,Male,94
844,Durward,Killingbeck,dkillingbecknf@goo.ne.jp,Male,73
845,Jonathon,McGonigal,jmcgonigalng@bigcartel.com,Male,51
846,Rockey,Lettley,rlettleynh@blogspot.com,Male,6
847,Denni,Franklyn,dfranklynni@pcworld.com,Female,55
848,Keane,Waker,kwakernj@homestead.com,Male,58
849,Odo,Osborn,oosbornnk@moonfruit.com,Polygender,80
850,Irma,Pikett,ipikettnl@walmart.com,Female,73
851,Daisy,Dusting,ddustingnm@un.org,Female,29
852,Prinz,McEvon,pmcevonnn@telegraph.co.uk,Polygender,76
853,Fanny,Alner,falnerno@timesonline.co.uk,Female,97
854,Ignaz,Pimlett,ipimlettnp@usa.gov,Male,24
855,Hephzibah,Block,hblocknq@admin.ch,Female,81
856,Amy,Moutray Read,amoutrayreadnr@parallels.com,Female,77
857,Sheela,Gamet,sgametns@yandex.ru,Female,67
858,Merilee,Reims,mreimsnt@pen.io,Female,17
859,Gavan,Flood,gfloodnu@multiply.com,Male,44
860,Hubey,Matveyev,hmatveyevnv@naver.com,Male,32
861,Irvin,Ferencowicz,iferencowicznw@jalbum.net,Male,7
862,Nonah,Dunbobbin,ndunbobbinnx@mapquest.com,Female,60
863,Rosita,Kilbee,rkilbeeny@hibu.com,Female,18
864,Lulita,Richfield,lrichfieldnz@mtv.com,Female,24
865,Ruby,Spatari,rspatario0@addtoany.com,Male,31
866,Delmer,Stinton,dstintono1@goo.gl,Male,6
867,Elsworth,Summerley,esummerleyo2@examiner.com,Non-binary,66
868,Erinna,Sanday,esandayo3@skyrock.com,Female,43
869,Paddie,Beernaert,pbeernaerto4@archive.org,Non-binary,57
870,Dominica,Little,dlittleo5@cisco.com,Female,60
871,Jaime,Estick,jesticko6@chron.com,Male,42
872,May,Gallyon,mgallyono7@gizmodo.com,Female,67
873,Olva,Elsey,oelseyo8@flickr.com,Female,93
874,Dorena,Lannon,dlannono9@blog.com,Female,94
875,Burnaby,Clare,bclareoa@thetimes.co.uk,Male,22
876,Rebe,Torrese,rtorreseob@usda.gov,Female,72
877,Maryanna,Scroggie,mscroggieoc@bigcartel.com,Female,8
878,Marylou,Doige,mdoigeod@cnn.com,Female,89
879,Marina,Songest,msongestoe@surveymonkey.com,Female,90
880,Blair,Rolston,brolstonof@blog.com,Female,54
881,Darnell,Sim,dsimog@macromedia.com,Male,43
882,Maurise,Babbe,mbabbeoh@discuz.net,Female,25
883,Jedd,Kibbe,jkibbeoi@hibu.com,Male,83
884,Adelice,Knappett,aknappettoj@economist.com,Female,51
885,Noelani,Quaintance,nquaintanceok@mozilla.com,Female,55
886,Alvy,Majury,amajuryol@virginia.edu,Male,87
887,Edd,Toopin,etoopinom@usda.gov,Male,29
888,Truman,McKea,tmckeaon@cbslocal.com,Male,73
889,Marten,Jouhandeau,mjouhandeauoo@time.com,Male,25
890,Koo,Blaase,kblaaseop@a8.net,Female,55
891,Cornie,Dixie,cdixieoq@addtoany.com,Female,44
892,Torie,Druhan,tdruhanor@istockphoto.com,Female,17
893,Ekaterina,Labbez,elabbezos@google.ca,Female,3
894,Brandyn,Dawidowitz,bdawidowitzot@ameblo.jp,Male,82
895,Woodrow,Dufton,wduftonou@statcounter.com,Male,60
896,Filmore,Dyter,fdyterov@woothemes.com,Male,87
897,Aylmer,Hilldrup,ahilldrupow@barnesandnoble.com,Male,82
898,Walton,Dechelette,wdecheletteox@apache.org,Male,12
899,Wye,Bonney,wbonneyoy@123-reg.co.uk,Male,11
900,Willard,Pepperd,wpepperdoz@mapquest.com,Male,33
901,Agneta,Fawcitt,afawcittp0@bravesites.com,Female,27
902,Gaye,De Rye Barrett,gderyebarrettp1@ibm.com,Female,83
903,Reeta,Farlowe,rfarlowep2@bloglines.com,Genderfluid,7
904,Cordi,Makin,cmakinp3@t-online.de,Female,12
905,Reed,Mea,rmeap4@chronoengine.com,Male,91
906,Thom,Skerritt,tskerrittp5@vinaora.com,Agender,46
907,Rafe,Dybell,rdybellp6@nps.gov,Male,29
908,Elissa,St Louis,estlouisp7@flavors.me,Bigender,77
909,Vanny,Sentance,vsentancep8@guardian.co.uk,Female,44
910,Ronnie,Malden,rmaldenp9@simplemachines.org,Female,6
911,Guido,Kernes,gkernespa@springer.com,Male,9
912,Allyn,Aikenhead,aaikenheadpb@techcrunch.com,Male,50
913,Rochelle,Spellard,rspellardpc@google.co.uk,Female,2
914,Dar,Kirkbright,dkirkbrightpd@people.com.cn,Male,75
915,Reinald,Zielinski,rzielinskipe@etsy.com,Male,50
916,Jozef,Grebert,jgrebertpf@blog.com,Polygender,44
917,Immanuel,Ponter,iponterpg@etsy.com,Male,86
918,Lilyan,Buzza,lbuzzaph@about.me,Female,14
919,Alf,Frake,afrakepi@list-manage.com,Male,6
920,Chas,Kuhnwald,ckuhnwaldpj@trellian.com,Male,60
921,Thorpe,Benardette,tbenardettepk@elpais.com,Male,5
922,Gwenni,Gaylor,ggaylorpl@wisc.edu,Female,62
923,Kevyn,Spinella,kspinellapm@t-online.de,Female,55
924,Natale,Junes,njunespn@princeton.edu,Male,71
925,Diahann,Skeels,dskeelspo@state.tx.us,Female,46
926,Cordy,Hullot,chullotpp@blogger.com,Female,83
927,Rock,Farthing,rfarthingpq@patch.com,Male,68
928,Byrom,Norley,bnorleypr@g.co,Male,42
929,Sofia,Gameson,sgamesonps@shinystat.com,Female,7
930,Enoch,Alleyn,ealleynpt@guardian.co.uk,Male,40
931,Archibaldo,Sertin,asertinpu@cbc.ca,Male,38
932,Christean,Frostdyke,cfrostdykepv@indiegogo.com,Female,3
933,Fairleigh,Nesey,fneseypw@nymag.com,Male,48
934,Laurie,Masarrat,lmasarratpx@pen.io,Male,56
935,Perl,Took,ptookpy@phpbb.com,Bigender,4
936,Carlin,Biddulph,cbiddulphpz@jiathis.com,Male,44
937,Pancho,Khoter,pkhoterq0@deliciousdays.com,Male,66
938,Mathew,Delph,mdelphq1@shop-pro.jp,Male,100
939,Maryjo,Norsworthy,mnorsworthyq2@twitpic.com,Female,4
940,Peadar,Stockell,pstockellq3@eepurl.com,Male,27
941,Elvira,Corona,ecoronaq4@trellian.com,Female,8
942,Glynda,Farrimond,gfarrimondq5@arstechnica.com,Female,21
943,Joleen,Huard,jhuardq6@fotki.com,Female,100
944,Alley,Saxton,asaxtonq7@slashdot.org,Male,58
945,Dreddy,Balshaw,dbalshawq8@auda.org.au,Female,87
946,Granny,Grishukov,ggrishukovq9@quantcast.com,Male,99
947,Pierrette,Burnsyde,pburnsydeqa@ifeng.com,Female,75
948,Nikaniki,Rosencrantz,nrosencrantzqb@wiley.com,Female,63
949,Blondy,Laudham,blaudhamqc@weebly.com,Female,89
950,Samaria,Farncomb,sfarncombqd@live.com,Female,75
951,Salvatore,Donet,sdonetqe@cbslocal.com,Male,62
952,Harper,Jent,hjentqf@google.nl,Polygender,35
953,Delilah,Silcock,dsilcockqg@digg.com,Female,3
954,Terence,Symondson,tsymondsonqh@mashable.com,Male,68
955,Sonnnie,Tinker,stinkerqi@nba.com,Female,69
956,Bank,Ching,bchingqj@vimeo.com,Male,16
957,Nellie,Stammirs,nstammirsqk@devhub.com,Female,99
958,Angelica,Bagley,abagleyql@ihg.com,Female,54
959,Lyndel,Euesden,leuesdenqm@mail.ru,Female,27
960,Terrence,Saffin,tsaffinqn@ted.com,Male,30
961,Marve,Swett,mswettqo@twitter.com,Genderqueer,68
962,Kori,Feuell,kfeuellqp@geocities.com,Female,69
963,Fletch,Renehan,frenehanqq@symantec.com,Male,56
964,Flossie,Elcock,felcockqr@imgur.com,Female,32
965,Fonz,Grubb,fgrubbqs@1und1.de,Male,68
966,Harmonie,Hubbart,hhubbartqt@histats.com,Female,29
967,Marigold,Garraway,mgarrawayqu@eventbrite.com,Female,36
968,Rhody,Snazel,rsnazelqv@stumbleupon.com,Female,61
969,Cleveland,Hansberry,chansberryqw@pen.io,Male,40
970,Devina,Foulds,dfouldsqx@geocities.jp,Female,28
971,Gaile,Gosnold,ggosnoldqy@ox.ac.uk,Male,83
972,Jeralee,Skotcher,jskotcherqz@nytimes.com,Female,8
973,Kenon,Krikorian,kkrikorianr0@dailymail.co.uk,Male,78
974,Lina,Wilcock,lwilcockr1@google.co.jp,Female,42
975,Tibold,Bance,tbancer2@usgs.gov,Male,99
976,Alister,Brocklehurst,abrocklehurstr3@ehow.com,Male,71
977,Tiphani,Poulgreen,tpoulgreenr4@psu.edu,Female,44
978,Bink,Woollhead,bwoollheadr5@usda.gov,Male,85
979,Christoper,Hun,chunr6@phoca.cz,Male,10
980,Hinda,MacAdam,hmacadamr7@si.edu,Female,59
981,Sile,Robke,srobker8@amazon.de,Female,45
982,Gorden,Grenshields,ggrenshieldsr9@seattletimes.com,Male,24
983,Caryn,Joannidi,cjoannidira@tripadvisor.com,Female,61
984,Patrica,Ealden,pealdenrb@businessweek.com,Female,12
985,Chadwick,Vero,cverorc@yolasite.com,Male,82
986,Tersina,Carass,tcarassrd@blogger.com,Female,20
987,Hillyer,Jahan,hjahanre@qq.com,Male,92
988,Stanwood,Benneyworth,sbenneyworthrf@telegraph.co.uk,Male,69
989,Niko,Maccrie,nmaccrierg@linkedin.com,Male,95
990,Marissa,Beardow,mbeardowrh@google.co.jp,Female,61
991,Barny,Kells,bkellsri@liveinternet.ru,Male,7
992,Lavina,Nolder,lnolderrj@sun.com,Female,68
993,Cristabel,Bernt,cberntrk@ning.com,Female,38
994,Floria,Pietri,fpietrirl@blogs.com,Female,45
995,Kirsten,Loeber,kloeberrm@t.co,Female,66
996,Ondrea,Llewellyn,ollewellynrn@phoca.cz,Female,91
997,Georgette,McGuffog,gmcguffogro@globo.com,Female,66
998,Aubrey,Knightley,aknightleyrp@t.co,Bigender,68
999,Evin,Dudderidge,edudderidgerq@cbsnews.com,Male,88
1000,Batsheva,Lecointe,blecointerr@cocolog-nifty.com,Female,13
